name,iterations,real_time,cpu_time,time_unit,bytes_per_second,items_per_second,label,error_occurred,error_message
"BM_SomeFunction/1024",7309178,96.2528,96.2409,ns,,,,,
"BM_SomeFunction/2048",4518636,157.005,156.995,ns,,,,,
"BM_SomeFunction/4096",2777216,261.65,261.619,ns,,,,,
"BM_SomeFunction/8192",1594406,443.425,443.336,ns,,,,,
"BM_SomeFunction/16384",856929,804.808,804.804,ns,,,,,
"BM_SomeFunction/32768",447270,1577.53,1574.45,ns,,,,,
"BM_SomeFunction/65536",223464,3131.73,3131.6,ns,,,,,
"BM_SomeFunction/131072",106626,6514.87,6514.8,ns,,,,,
"BM_SomeFunction/262144",56717,12276,12275.2,ns,,,,,
"BM_SomeFunction/524288",29148,24561.8,24556.9,ns,,,,,
"BM_SomeFunction/1048576",14348,48126.6,48024.3,ns,,,,,
